No.,ID,TIMESTAMP
1,25686,1777903419
2,5205,1777903420
3,10839,1777903421
4,28174,1777903422
5,23249,1777903423
6,13432,1777903424
7,11291,1777903425
8,15732,1777903426
9,6730,1777903427
10,5763,1777903428
11,10508,1777903429
12,19983,1777903430
13,27334,1777903431
14,16579,1777903432
15,7400,1777903433
16,24068,1777903434
17,16171,1777903435
18,11324,1777903436
19,23328,1777903437
20,22119,1777903438
21,3304,1777903439
22,27695,1777903440
23,14535,1777903441
24,22577,1777903442
25,23414,1777903443
26,9248,1777903444
27,15356,1777903445
28,22422,1777903446
29,22015,1777903447
30,6750,1777903448
31,28381,1777903449
32,28790,1777903450
33,21839,1777903451
34,27951,1777903452
35,29454,1777903453
36,11306,1777903454
37,25971,1777903455
38,9982,1777903456
39,18790,1777903457
40,24306,1777903458
41,15641,1777903459
42,19834,1777903460
43,28155,1777903461
44,18239,1777903462
45,14477,1777903463
46,15109,1777903464
47,5029,1777903465
48,2048,1777903466
49,12422,1777903467
50,13378,1777903468
51,27121,1777903469
52,2054,1777903470
53,2394,1777903471
54,17861,1777903472
55,6081,1777903473
56,14665,1777903474
57,16782,1777903475
58,9133,1777903476
59,25731,1777903477
60,21191,1777903478
61,12722,1777903479
62,15414,1777903480
63,20223,1777903481
64,13899,1777903482
65,14483,1777903483
66,26722,1777903484
67,2196,1777903485
68,20428,1777903486
69,9625,1777903487
70,1997,1777903488
71,18954,1777903489
72,21105,1777903490
73,24376,1777903491
74,9148,1777903492
75,16502,1777903493
76,25536,1777903494
77,8494,1777903495
78,16574,1777903496
79,11844,1777903497
80,26984,1777903498
81,1405,1777903499
82,12398,1777903500
83,17593,1777903501
84,912,1777903502
85,18062,1777903503
86,23222,1777903504
87,7824,1777903505
88,12177,1777903506
89,26965,1777903507
90,444,1777903508
91,13014,1777903509
92,26657,1777903510
93,10382,1777903511
94,20792,1777903512
95,15954,1777903513
96,24085,1777903514
97,11361,1777903515
98,25860,1777903516
99,9544,1777903517
100,14608,1777903518
101,10551,1777903519
102,6898,1777903520
103,25095,1777903521
104,5418,1777903522
105,10174,1777903523
106,11391,1777903524
107,14545,1777903525
108,9006,1777903526
109,22531,1777903527
110,9324,1777903528
111,23543,1777903529
112,23861,1777903530
113,15952,1777903531
114,4564,1777903532
115,4739,1777903533
116,26363,1777903534
117,14152,1777903535
118,811,1777903536
119,8792,1777903537
120,29828,1777903538
121,4534,1777903539
122,11836,1777903540
123,21909,1777903541
124,8030,1777903542
125,4033,1777903543
126,27660,1777903544
127,29222,1777903545
128,14133,1777903546
129,29921,1777903547
130,4655,1777903548
131,18723,1777903549
132,12256,1777903550
133,17153,1777903551
134,3076,1777903552
135,9606,1777903553
136,29534,1777903554
137,8229,1777903555
138,22121,1777903556
139,21436,1777903557
140,22162,1777903558
141,3111,1777903559
142,8398,1777903560
143,4453,1777903561
144,11963,1777903562
145,10560,1777903563
146,27998,1777903564
147,73,1777903565
148,5984,1777903566
149,1565,1777903567
150,1656,1777903568
151,29490,1777903569
152,20004,1777903570
153,13463,1777903571
154,19869,1777903572
155,10408,1777903573
156,1596,1777903574
157,26889,1777903575
158,22849,1777903576
159,1411,1777903577
160,5372,1777903578
161,2959,1777903579
162,9197,1777903580
163,9165,1777903581
164,13136,1777903582
165,16441,1777903583
166,11500,1777903584
167,16962,1777903585
168,20566,1777903586
169,848,1777903587
170,2876,1777903588
171,10161,1777903589
172,17352,1777903590
173,26187,1777903591
174,15925,1777903592
175,10391,1777903593
176,7913,1777903594
177,23436,1777903595
178,11576,1777903596
179,14273,1777903597
180,13516,1777903598
181,22631,1777903599
182,17969,1777903600
183,2976,1777903601
184,16868,1777903602
185,22552,1777903603
186,20702,1777903604
187,24572,1777903605
188,17683,1777903606
189,21582,1777903607
190,1198,1777903608
191,15399,1777903609
192,12463,1777903610
193,336,1777903611
194,24063,1777903612
195,21480,1777903613
196,4411,1777903614
197,13296,1777903615
198,10168,1777903616
199,8575,1777903617
200,22468,1777903618
